Alaska pollock,,Fiskart som är icke-vegansk
Alaskapollock,,Fiskart som är icke-vegansk
Alaska pollockfilé,,Fisk, icke-vegansk
Alaskapollockfilé,,Fisk, icke-vegansk
Pollock,,Fiskart som är icke-vegansk
Fisk,,Animaliskt, icke-veganskt
Fiskefilé,,Animaliskt, icke-veganskt
Fiskfilé,,Animaliskt, icke-veganskt
Torsk,,Fiskart som är icke-vegansk
Filé,,Filé från kött eller fisk är icke-vegansk
Filéer,,Filéer från kött eller fisk är icke-veganska
Torskfilé,,Fisk, icke-vegansk
Filéer av Alaska pollock,,Fisk, icke-vegansk
Fileer av Alaska pollock,,Fisk, icke-vegansk
Filéer av Alaskapollock,,Fisk, icke-vegansk
Fileter av Alaskapollock,,Fisk, icke-vegansk
Alaska pollock (fisk),,Fisk, icke-vegansk
Alaskapollock (fisk),,Fisk, icke-vegansk
Fiskfileer,,Animaliskt, icke-veganskt
Fiskfileter,,Animaliskt, icke-veganskt
Filéer av fisk,,Animaliskt, icke-veganskt
Fileer av fisk,,Animaliskt, icke-veganskt 